<?xml version="1.0" encoding="UTF-8"?>
<metadata xml:lang="en"><Esri><CreaDate>20220217</CreaDate><CreaTime>10423200</CreaTime><ArcGISFormat>1.0</ArcGISFormat><SyncOnce>FALSE</SyncOnce><DataProperties><lineage><Process ToolSource="c:\program files (x86)\arcgis\desktop10.7\ArcToolbox\Toolboxes\Data Management Tools.tbx\CalculateField" Date="20211201" Time="140823">CalculateField ZONE_STNDRD YEAR "2021-02-01" VB #</Process><Process ToolSource="c:\program files (x86)\arcgis\desktop10.7\ArcToolbox\Toolboxes\Data Management Tools.tbx\CalculateField" Date="20220216" Time="090848">CalculateField ZONE_2022_STNDRD YEAR "2022-02-01" VB #</Process><Process ToolSource="c:\program files (x86)\arcgis\desktop10.7\ArcToolbox\Toolboxes\Data Management Tools.tbx\CalculateField" Date="20220216" Time="090856">CalculateField ZONE_2022_STNDRD YEAR_GEO_CHANGE 1 VB #</Process><Process ToolSource="c:\program files (x86)\arcgis\desktop10.7\ArcToolbox\Toolboxes\Conversion Tools.tbx\FeatureClassToFeatureClass" Date="20220216" Time="102856">FeatureClassToFeatureClass C:\Users\elamonta\Documents\Geography\SurveyBoundaries_STNDRD.gdb\Year2022\ZONE_2022_STNDRD C:\Users\elamonta\Documents\Geography\CMHC_GEO_STNDRD.gdb\Current ZONE_2022 # "METZONE_UID "METZONE_UID" true true false 6 Text 0 0 ,First,#,C:\Users\elamonta\Documents\Geography\SurveyBoundaries_STNDRD.gdb\Year2022\ZONE_2022_STNDRD,METZONE_UID,-1,-1;METCODE "METCODE" true true false 4 Text 0 0 ,First,#,C:\Users\elamonta\Documents\Geography\SurveyBoundaries_STNDRD.gdb\Year2022\ZONE_2022_STNDRD,METCODE,-1,-1;ZONECODE "ZONECODE" true true false 2 Text 0 0 ,First,#,C:\Users\elamonta\Documents\Geography\SurveyBoundaries_STNDRD.gdb\Year2022\ZONE_2022_STNDRD,ZONECODE,-1,-1;ZONENAME_EN "ZONENAME_EN" true true false 50 Text 0 0 ,First,#,C:\Users\elamonta\Documents\Geography\SurveyBoundaries_STNDRD.gdb\Year2022\ZONE_2022_STNDRD,ZONENAME_EN,-1,-1;ZONENAME_FR "ZONENAME_FR" true true false 50 Text 0 0 ,First,#,C:\Users\elamonta\Documents\Geography\SurveyBoundaries_STNDRD.gdb\Year2022\ZONE_2022_STNDRD,ZONENAME_FR,-1,-1;ZONENAMELONG_EN "ZONENAMELONG_EN" true true false 255 Text 0 0 ,First,#,C:\Users\elamonta\Documents\Geography\SurveyBoundaries_STNDRD.gdb\Year2022\ZONE_2022_STNDRD,ZONENAMELONG_EN,-1,-1;ZONENAMELONG_FR "ZONENAMELONG_FR" true true false 255 Text 0 0 ,First,#,C:\Users\elamonta\Documents\Geography\SurveyBoundaries_STNDRD.gdb\Year2022\ZONE_2022_STNDRD,ZONENAMELONG_FR,-1,-1;YEAR "YEAR" true true false 8 Date 0 0 ,First,#,C:\Users\elamonta\Documents\Geography\SurveyBoundaries_STNDRD.gdb\Year2022\ZONE_2022_STNDRD,YEAR,-1,-1;YEAR_GEO_CHANGE "YEAR_GEO_CHANGE" true true false 4 Long 0 0 ,First,#,C:\Users\elamonta\Documents\Geography\SurveyBoundaries_STNDRD.gdb\Year2022\ZONE_2022_STNDRD,YEAR_GEO_CHANGE,-1,-1;GEO_CHANGE_COMMENTS "GEO_CHANGE_COMMENTS" true true false 255 Text 0 0 ,First,#,C:\Users\elamonta\Documents\Geography\SurveyBoundaries_STNDRD.gdb\Year2022\ZONE_2022_STNDRD,GEO_CHANGE_COMMENTS,-1,-1;SHAPE_Length "SHAPE_Length" false true true 8 Double 0 0 ,First,#,C:\Users\elamonta\Documents\Geography\SurveyBoundaries_STNDRD.gdb\Year2022\ZONE_2022_STNDRD,SHAPE_Length,-1,-1;SHAPE_Area "SHAPE_Area" false true true 8 Double 0 0 ,First,#,C:\Users\elamonta\Documents\Geography\SurveyBoundaries_STNDRD.gdb\Year2022\ZONE_2022_STNDRD,SHAPE_Area,-1,-1" #</Process></lineage><itemProps><itemLocation><linkage Sync="TRUE">file://\\LT2100219\C$\Users\elamonta\Documents\Geography\CMHC_GEO_STNDRD.gdb</linkage><protocol Sync="TRUE">Local Area Network</protocol></itemLocation><itemName Sync="TRUE">ZONE_2022</itemName><imsContentType Sync="TRUE">002</imsContentType></itemProps><coordRef><type Sync="TRUE">Projected</type><geogcsn Sync="TRUE">GCS_WGS_1984_Major_Auxiliary_Sphere</geogcsn><csUnits Sync="TRUE">Linear Unit: Meter (1.000000)</csUnits><projcsn Sync="TRUE">WGS_1984_Web_Mercator</projcsn><peXml Sync="TRUE">&lt;ProjectedCoordinateSystem xsi:type='typens:ProjectedCoordinateSystem' xmlns:xsi='http://www.w3.org/2001/XMLSchema-instance' xmlns:xs='http://www.w3.org/2001/XMLSchema' xmlns:typens='http://www.esri.com/schemas/ArcGIS/10.7'&gt;&lt;WKT&gt;PROJCS[&amp;quot;WGS_1984_Web_Mercator&amp;quot;,GEOGCS[&amp;quot;GCS_WGS_1984_Major_Auxiliary_Sphere&amp;quot;,DATUM[&amp;quot;D_WGS_1984_Major_Auxiliary_Sphere&amp;quot;,SPHEROID[&amp;quot;WGS_1984_Major_Auxiliary_Sphere&amp;quot;,6378137.0,0.0]],PRIMEM[&amp;quot;Greenwich&amp;quot;,0.0],UNIT[&amp;quot;Degree&amp;quot;,0.0174532925199433]],PROJECTION[&amp;quot;Mercator&amp;quot;],PARAMETER[&amp;quot;False_Easting&amp;quot;,0.0],PARAMETER[&amp;quot;False_Northing&amp;quot;,0.0],PARAMETER[&amp;quot;Central_Meridian&amp;quot;,0.0],PARAMETER[&amp;quot;Standard_Parallel_1&amp;quot;,0.0],UNIT[&amp;quot;Meter&amp;quot;,1.0],AUTHORITY[&amp;quot;EPSG&amp;quot;,3785]]&lt;/WKT&gt;&lt;XOrigin&gt;-20037700&lt;/XOrigin&gt;&lt;YOrigin&gt;-30241100&lt;/YOrigin&gt;&lt;XYScale&gt;10000&lt;/XYScale&gt;&lt;ZOrigin&gt;-100000&lt;/ZOrigin&gt;&lt;ZScale&gt;10000&lt;/ZScale&gt;&lt;MOrigin&gt;-100000&lt;/MOrigin&gt;&lt;MScale&gt;10000&lt;/MScale&gt;&lt;XYTolerance&gt;0.001&lt;/XYTolerance&gt;&lt;ZTolerance&gt;0.001&lt;/ZTolerance&gt;&lt;MTolerance&gt;0.001&lt;/MTolerance&gt;&lt;HighPrecision&gt;true&lt;/HighPrecision&gt;&lt;WKID&gt;102113&lt;/WKID&gt;&lt;LatestWKID&gt;3785&lt;/LatestWKID&gt;&lt;/ProjectedCoordinateSystem&gt;</peXml></coordRef></DataProperties><SyncDate>20220216</SyncDate><SyncTime>10285500</SyncTime><ModDate>20220216</ModDate><ModTime>10285500</ModTime></Esri><dataIdInfo><envirDesc Sync="TRUE"> Version 6.2 (Build 9200) ; Esri ArcGIS 10.7.1.11595</envirDesc><dataLang><languageCode value="eng" Sync="TRUE"></languageCode><countryCode value="CAN" Sync="TRUE"></countryCode></dataLang><idCitation><resTitle Sync="TRUE">ZONE_2022</resTitle><presForm><PresFormCd value="005" Sync="TRUE"></PresFormCd></presForm></idCitation><spatRpType><SpatRepTypCd value="001" Sync="TRUE"></SpatRepTypCd></spatRpType></dataIdInfo><mdLang><languageCode value="eng" Sync="TRUE"></languageCode><countryCode value="CAN" Sync="TRUE"></countryCode></mdLang><distInfo><distFormat><formatName Sync="TRUE">File Geodatabase Feature Class</formatName></distFormat></distInfo><mdHrLv><ScopeCd value="005" Sync="TRUE"></ScopeCd></mdHrLv><mdHrLvName Sync="TRUE">dataset</mdHrLvName><refSysInfo><RefSystem><refSysID><identCode code="3785" Sync="TRUE"></identCode><idCodeSpace Sync="TRUE">EPSG</idCodeSpace><idVersion Sync="TRUE">6.15(10.1.0)</idVersion></refSysID></RefSystem></refSysInfo><spatRepInfo><VectSpatRep><geometObjs Name="ZONE_2022"><geoObjTyp><GeoObjTypCd value="002" Sync="TRUE"></GeoObjTypCd></geoObjTyp><geoObjCnt Sync="TRUE">0</geoObjCnt></geometObjs><topLvl><TopoLevCd value="001" Sync="TRUE"></TopoLevCd></topLvl></VectSpatRep></spatRepInfo><spdoinfo><ptvctinf><esriterm Name="ZONE_2022"><efeatyp Sync="TRUE">Simple</efeatyp><efeageom code="4" Sync="TRUE"></efeageom><esritopo Sync="TRUE">FALSE</esritopo><efeacnt Sync="TRUE">0</efeacnt><spindex Sync="TRUE">TRUE</spindex><linrefer Sync="TRUE">FALSE</linrefer></esriterm></ptvctinf></spdoinfo><eainfo><detailed Name="ZONE_2022"><enttyp><enttypl Sync="TRUE">ZONE_2022</enttypl><enttypt Sync="TRUE">Feature Class</enttypt><enttypc Sync="TRUE">0</enttypc></enttyp><attr><attrlabl Sync="TRUE">OBJECTID</attrlabl><attalias Sync="TRUE">OBJECTID</attalias><attrtype Sync="TRUE">OID</attrtype><attwidth Sync="TRUE">4</attwidth><atprecis Sync="TRUE">0</atprecis><attscale Sync="TRUE">0</attscale><attrdef Sync="TRUE">Internal feature number.</attrdef><attrdefs Sync="TRUE">Esri</attrdefs><attrdomv><udom Sync="TRUE">Sequential unique whole numbers that are automatically generated.</udom></attrdomv></attr><attr><attrlabl Sync="TRUE">Shape</attrlabl><attalias Sync="TRUE">Shape</attalias><attrtype Sync="TRUE">Geometry</attrtype><attwidth Sync="TRUE">0</attwidth><atprecis Sync="TRUE">0</atprecis><attscale Sync="TRUE">0</attscale><attrdef Sync="TRUE">Feature geometry.</attrdef><attrdefs Sync="TRUE">Esri</attrdefs><attrdomv><udom Sync="TRUE">Coordinates defining the features.</udom></attrdomv></attr><attr><attrlabl Sync="TRUE">METZONE_UID</attrlabl><attalias Sync="TRUE">METZONE_UID</attalias><attrtype Sync="TRUE">String</attrtype><attwidth Sync="TRUE">6</attwidth><atprecis Sync="TRUE">0</atprecis><attscale Sync="TRUE">0</attscale></attr><attr><attrlabl Sync="TRUE">METCODE</attrlabl><attalias Sync="TRUE">METCODE</attalias><attrtype Sync="TRUE">String</attrtype><attwidth Sync="TRUE">4</attwidth><atprecis Sync="TRUE">0</atprecis><attscale Sync="TRUE">0</attscale></attr><attr><attrlabl Sync="TRUE">ZONECODE</attrlabl><attalias Sync="TRUE">ZONECODE</attalias><attrtype Sync="TRUE">String</attrtype><attwidth Sync="TRUE">2</attwidth><atprecis Sync="TRUE">0</atprecis><attscale Sync="TRUE">0</attscale></attr><attr><attrlabl Sync="TRUE">ZONENAME_EN</attrlabl><attalias Sync="TRUE">ZONENAME_EN</attalias><attrtype Sync="TRUE">String</attrtype><attwidth Sync="TRUE">50</attwidth><atprecis Sync="TRUE">0</atprecis><attscale Sync="TRUE">0</attscale></attr><attr><attrlabl Sync="TRUE">ZONENAME_FR</attrlabl><attalias Sync="TRUE">ZONENAME_FR</attalias><attrtype Sync="TRUE">String</attrtype><attwidth Sync="TRUE">50</attwidth><atprecis Sync="TRUE">0</atprecis><attscale Sync="TRUE">0</attscale></attr><attr><attrlabl Sync="TRUE">ZONENAMELONG_EN</attrlabl><attalias Sync="TRUE">ZONENAMELONG_EN</attalias><attrtype Sync="TRUE">String</attrtype><attwidth Sync="TRUE">255</attwidth><atprecis Sync="TRUE">0</atprecis><attscale Sync="TRUE">0</attscale></attr><attr><attrlabl Sync="TRUE">ZONENAMELONG_FR</attrlabl><attalias Sync="TRUE">ZONENAMELONG_FR</attalias><attrtype Sync="TRUE">String</attrtype><attwidth Sync="TRUE">255</attwidth><atprecis Sync="TRUE">0</atprecis><attscale Sync="TRUE">0</attscale></attr><attr><attrlabl Sync="TRUE">YEAR</attrlabl><attalias Sync="TRUE">YEAR</attalias><attrtype Sync="TRUE">Date</attrtype><attwidth Sync="TRUE">8</attwidth><atprecis Sync="TRUE">0</atprecis><attscale Sync="TRUE">0</attscale></attr><attr><attrlabl Sync="TRUE">YEAR_GEO_CHANGE</attrlabl><attalias Sync="TRUE">YEAR_GEO_CHANGE</attalias><attrtype Sync="TRUE">Integer</attrtype><attwidth Sync="TRUE">4</attwidth><atprecis Sync="TRUE">0</atprecis><attscale Sync="TRUE">0</attscale></attr><attr><attrlabl Sync="TRUE">GEO_CHANGE_COMMENTS</attrlabl><attalias Sync="TRUE">GEO_CHANGE_COMMENTS</attalias><attrtype Sync="TRUE">String</attrtype><attwidth Sync="TRUE">255</attwidth><atprecis Sync="TRUE">0</atprecis><attscale Sync="TRUE">0</attscale></attr><attr><attrlabl Sync="TRUE">Shape_Length</attrlabl><attalias Sync="TRUE">Shape_Length</attalias><attrtype Sync="TRUE">Double</attrtype><attwidth Sync="TRUE">8</attwidth><atprecis Sync="TRUE">0</atprecis><attscale Sync="TRUE">0</attscale><attrdef Sync="TRUE">Length of feature in internal units.</attrdef><attrdefs Sync="TRUE">Esri</attrdefs><attrdomv><udom Sync="TRUE">Positive real numbers that are automatically generated.</udom></attrdomv></attr><attr><attrlabl Sync="TRUE">Shape_Area</attrlabl><attalias Sync="TRUE">Shape_Area</attalias><attrtype Sync="TRUE">Double</attrtype><attwidth Sync="TRUE">8</attwidth><atprecis Sync="TRUE">0</atprecis><attscale Sync="TRUE">0</attscale><attrdef Sync="TRUE">Area of feature in internal units squared.</attrdef><attrdefs Sync="TRUE">Esri</attrdefs><attrdomv><udom Sync="TRUE">Positive real numbers that are automatically generated.</udom></attrdomv></attr></detailed></eainfo><mdDateSt Sync="TRUE">20220216</mdDateSt></metadata>
